{
  "project_info": {
    "project_number": "300138379119",
    "project_id": "disagreet",
    "storage_bucket": "disagreet.appspot.com"
  },
  "client": [
    {
      "client_info": {
        "mobilesdk_app_id": "1:300138379119:android:1e040e4b974acf74829a9a",
        "android_client_info": {
          "package_name": "com.example.disagreet_flutter"
        }
      },
      "oauth_client": [
        {
          "client_id": "300138379119-j6b3mqnsoqfv0thvi70oi8dl7cgpsts3.apps.googleusercontent.com",
          "client_type": 3
        }
      ],
      "api_key": [
        {
          "current_key": "AIzaSyCjrdKknkYn_0jO_eOoQXHzSdqJviTOwfo"
        }
      ],
      "services": {
        "appinvite_service": {
          "other_platform_oauth_client": [
            {
              "client_id": "300138379119-j6b3mqnsoqfv0thvi70oi8dl7cgpsts3.apps.googleusercontent.com",
              "client_type": 3
            },
            {
              "client_id": "300138379119-5ov68petmlqu410v06skp2mh18fq7nil.apps.googleusercontent.com",
              "client_type": 2,
              "ios_info": {
                "bundle_id": "com.example.disagreetFlutter"
              }
            }
          ]
        }
      }
    }
  ],
  "configuration_version": "1"
}